Code,Area,Year,Net_additions
E09000001,City of London,2001-02,108
E09000002,Barking and Dagenham,2001-02,228
E09000003,Barnet,2001-02,286
E09000004,Bexley,2001-02,302
E09000005,Brent,2001-02,"1,401"
E09000006,Bromley,2001-02,257
E09000007,Camden,2001-02,772
E09000008,Croydon,2001-02,124
E09000009,Ealing,2001-02,259
E09000010,Enfield,2001-02,"1,183"
E09000011,Greenwich,2001-02,566
E09000012,Hackney,2001-02,"1,349"
E09000013,Hammersmith and Fulham,2001-02,192
E09000014,Haringey,2001-02,683
E09000015,Harrow,2001-02,229
E09000016,Havering,2001-02,402
E09000017,Hillingdon,2001-02,268
E09000018,Hounslow,2001-02,711
E09000019,Islington,2001-02,"1,011"
E09000020,Kensington and Chelsea,2001-02,68
E09000021,Kingston upon Thames,2001-02,147
E09000022,Lambeth,2001-02,"1,065"
E09000023,Lewisham,2001-02,471
E09000024,Merton,2001-02,-187
E09000025,Newham,2001-02,"1,219"
E09000026,Redbridge,2001-02,693
E09000027,Richmond upon Thames,2001-02,265
E09000028,Southwark,2001-02,421
E09000029,Sutton,2001-02,33
E09000030,Tower Hamlets,2001-02,"1,960"
E09000031,Waltham Forest,2001-02,417
E09000032,Wandsworth,2001-02,876
E09000033,Westminster,2001-02,"1,911"
E13000001,Inner London,2001-02,"11,988"
E13000002,Outer London,2001-02,"7,700"
E12000001,North East,2001-02,"4,489"
E12000002,North West,2001-02,"13,543"
E12000003,Yorkshire and The Humber,2001-02,"12,752"
E12000004,East Midlands,2001-02,"16,188"
E12000005,West Midlands,2001-02,"13,052"
E12000006,East,2001-02,"19,154"
E12000007,London,2001-02,"19,688"
E12000008,South East,2001-02,"26,219"
E12000009,South West,2001-02,"21,619"
E92000001,England,2001-02,"146,704"
E09000001,City of London,2002-03,9
E09000002,Barking and Dagenham,2002-03,312
E09000003,Barnet,2002-03,"1,083"
E09000004,Bexley,2002-03,316
E09000005,Brent,2002-03,"1,018"
E09000006,Bromley,2002-03,340
E09000007,Camden,2002-03,576
E09000008,Croydon,2002-03,396
E09000009,Ealing,2002-03,333
E09000010,Enfield,2002-03,"1,143"
E09000011,Greenwich,2002-03,774
E09000012,Hackney,2002-03,"1,660"
E09000013,Hammersmith and Fulham,2002-03,321
E09000014,Haringey,2002-03,822
E09000015,Harrow,2002-03,561
E09000016,Havering,2002-03,358
E09000017,Hillingdon,2002-03,439
E09000018,Hounslow,2002-03,912
E09000019,Islington,2002-03,"1,728"
E09000020,Kensington and Chelsea,2002-03,147
E09000021,Kingston upon Thames,2002-03,248
E09000022,Lambeth,2002-03,558
E09000023,Lewisham,2002-03,312
E09000024,Merton,2002-03,-127
E09000025,Newham,2002-03,881
E09000026,Redbridge,2002-03,818
E09000027,Richmond upon Thames,2002-03,281
E09000028,Southwark,2002-03,927
E09000029,Sutton,2002-03,121
E09000030,Tower Hamlets,2002-03,"1,474"
E09000031,Waltham Forest,2002-03,290
E09000032,Wandsworth,2002-03,"1,202"
E09000033,Westminster,2002-03,"1,417"
E13000001,Inner London,2002-03,"11,985"
E13000002,Outer London,2002-03,"9,663"
E12000001,North East,2002-03,"5,343"
E12000002,North West,2002-03,"18,120"
E12000003,Yorkshire and The Humber,2002-03,"13,452"
E12000004,East Midlands,2002-03,"16,938"
E12000005,West Midlands,2002-03,"13,742"
E12000006,East,2002-03,"21,554"
E12000007,London,2002-03,"21,648"
E12000008,South East,2002-03,"27,269"
E12000009,South West,2002-03,"21,809"
E92000001,England,2002-03,"159,875"
E09000001,City of London,2003-04,137
E09000002,Barking and Dagenham,2003-04,62
E09000003,Barnet,2003-04,973
E09000004,Bexley,2003-04,727
E09000005,Brent,2003-04,608
E09000006,Bromley,2003-04,494
E09000007,Camden,2003-04,381
E09000008,Croydon,2003-04,358
E09000009,Ealing,2003-04,506
E09000010,Enfield,2003-04,"1,064"
E09000011,Greenwich,2003-04,"1,436"
E09000012,Hackney,2003-04,"1,372"
E09000013,Hammersmith and Fulham,2003-04,589
E09000014,Haringey,2003-04,572
E09000015,Harrow,2003-04,529
E09000016,Havering,2003-04,629
E09000017,Hillingdon,2003-04,540
E09000018,Hounslow,2003-04,"1,174"
E09000019,Islington,2003-04,"1,279"
E09000020,Kensington and Chelsea,2003-04,398
E09000021,Kingston upon Thames,2003-04,537
E09000022,Lambeth,2003-04,806
E09000023,Lewisham,2003-04,"1,062"
E09000024,Merton,2003-04,-143
E09000025,Newham,2003-04,"1,314"
E09000026,Redbridge,2003-04,695
E09000027,Richmond upon Thames,2003-04,292
E09000028,Southwark,2003-04,"1,678"
E09000029,Sutton,2003-04,198
E09000030,Tower Hamlets,2003-04,"1,682"
E09000031,Waltham Forest,2003-04,291
E09000032,Wandsworth,2003-04,"1,317"
E09000033,Westminster,2003-04,"2,220"
E13000001,Inner London,2003-04,"15,670"
E13000002,Outer London,2003-04,"10,105"
E12000001,North East,2003-04,"5,231"
E12000002,North West,2003-04,"21,853"
E12000003,Yorkshire and The Humber,2003-04,"16,252"
E12000004,East Midlands,2003-04,"15,758"
E12000005,West Midlands,2003-04,"12,532"
E12000006,East,2003-04,"22,306"
E12000007,London,2003-04,"25,775"
E12000008,South East,2003-04,"29,104"
E12000009,South West,2003-04,"22,158"
E92000001,England,2003-04,"170,969"
E09000001,City of London,2004-05,111
E09000002,Barking and Dagenham,2004-05,362
E09000003,Barnet,2004-05,1047
E09000004,Bexley,2004-05,271
E09000005,Brent,2004-05,639
E09000006,Bromley,2004-05,831
E09000007,Camden,2004-05,722
E09000008,Croydon,2004-05,390
E09000009,Ealing,2004-05,482
E09000010,Enfield,2004-05,718
E09000011,Greenwich,2004-05,1625
E09000012,Hackney,2004-05,1151
E09000013,Hammersmith and Fulham,2004-05,468
E09000014,Haringey,2004-05,1455
E09000015,Harrow,2004-05,651
E09000016,Havering,2004-05,544
E09000017,Hillingdon,2004-05,341
E09000018,Hounslow,2004-05,901
E09000019,Islington,2004-05,679
E09000020,Kensington and Chelsea,2004-05,155
E09000021,Kingston upon Thames,2004-05,514
E09000022,Lambeth,2004-05,1020
E09000023,Lewisham,2004-05,787
E09000024,Merton,2004-05,-62
E09000025,Newham,2004-05,572
E09000026,Redbridge,2004-05,707
E09000027,Richmond upon Thames,2004-05,629
E09000028,Southwark,2004-05,2017
E09000029,Sutton,2004-05,299
E09000030,Tower Hamlets,2004-05,3039
E09000031,Waltham Forest,2004-05,627
E09000032,Wandsworth,2004-05,1743
E09000033,Westminster,2004-05,1440
E13000001,Inner London,2004-05,14956
E13000002,Outer London,2004-05,11917
E12000001,North East,2004-05,6970
E12000002,North West,2004-05,21390
E12000003,Yorkshire and The Humber,2004-05,15040
E12000004,East Midlands,2004-05,18390
E12000005,West Midlands,2004-05,17750
E12000006,East,2004-05,23520
E12000007,London,2004-05,26860
E12000008,South East,2004-05,33200
E12000009,South West,2004-05,22490
E92000001,England,2004-05,185553
E09000001,City of London,2005-06,-1
E09000002,Barking and Dagenham,2005-06,268
E09000003,Barnet,2005-06,1039
E09000004,Bexley,2005-06,213
E09000005,Brent,2005-06,1674
E09000006,Bromley,2005-06,747
E09000007,Camden,2005-06,787
E09000008,Croydon,2005-06,395
E09000009,Ealing,2005-06,834
E09000010,Enfield,2005-06,558
E09000011,Greenwich,2005-06,1387
E09000012,Hackney,2005-06,1203
E09000013,Hammersmith and Fulham,2005-06,648
E09000014,Haringey,2005-06,1171
E09000015,Harrow,2005-06,658
E09000016,Havering,2005-06,464
E09000017,Hillingdon,2005-06,595
E09000018,Hounslow,2005-06,858
E09000019,Islington,2005-06,877
E09000020,Kensington and Chelsea,2005-06,78
E09000021,Kingston upon Thames,2005-06,331
E09000022,Lambeth,2005-06,1368
E09000023,Lewisham,2005-06,1038
E09000024,Merton,2005-06,270
E09000025,Newham,2005-06,896
E09000026,Redbridge,2005-06,762
E09000027,Richmond upon Thames,2005-06,942
E09000028,Southwark,2005-06,1568
E09000029,Sutton,2005-06,144
E09000030,Tower Hamlets,2005-06,2976
E09000031,Waltham Forest,2005-06,762
E09000032,Wandsworth,2005-06,1363
E09000033,Westminster,2005-06,1981
E13000001,Inner London,2005-06,15272
E13000002,Outer London,2005-06,13580
E12000001,North East,2005-06,6910
E12000002,North West,2005-06,23800
E12000003,Yorkshire and The Humber,2005-06,18680
E12000004,East Midlands,2005-06,21100
E12000005,West Midlands,2005-06,20530
E12000006,East,2005-06,25830
E12000007,London,2005-06,28850
E12000008,South East,2005-06,34410
E12000009,South West,2005-06,22500
E92000001,England,2005-06,202653
E09000001,City of London,2006-07,1
E09000002,Barking and Dagenham,2006-07,307
E09000003,Barnet,2006-07,488
E09000004,Bexley,2006-07,313
E09000005,Brent,2006-07,1202
E09000006,Bromley,2006-07,952
E09000007,Camden,2006-07,647
E09000008,Croydon,2006-07,753
E09000009,Ealing,2006-07,1368
E09000010,Enfield,2006-07,1054
E09000011,Greenwich,2006-07,738
E09000012,Hackney,2006-07,1451
E09000013,Hammersmith and Fulham,2006-07,654
E09000014,Haringey,2006-07,1488
E09000015,Harrow,2006-07,709
E09000016,Havering,2006-07,940
E09000017,Hillingdon,2006-07,285
E09000018,Hounslow,2006-07,1741
E09000019,Islington,2006-07,1830
E09000020,Kensington and Chelsea,2006-07,35
E09000021,Kingston upon Thames,2006-07,298
E09000022,Lambeth,2006-07,1348
E09000023,Lewisham,2006-07,655
E09000024,Merton,2006-07,-7
E09000025,Newham,2006-07,720
E09000026,Redbridge,2006-07,1022
E09000027,Richmond upon Thames,2006-07,286
E09000028,Southwark,2006-07,2311
E09000029,Sutton,2006-07,135
E09000030,Tower Hamlets,2006-07,3017
E09000031,Waltham Forest,2006-07,922
E09000032,Wandsworth,2006-07,1703
E09000033,Westminster,2006-07,1563
E13000001,Inner London,2006-07,15952
E13000002,Outer London,2006-07,14975
E12000001,North East,2006-07,8590
E12000002,North West,2006-07,26010
E12000003,Yorkshire and The Humber,2006-07,21700
E12000004,East Midlands,2006-07,23090
E12000005,West Midlands,2006-07,18130
E12000006,East,2006-07,26140
E12000007,London,2006-07,30910
E12000008,South East,2006-07,35700
E12000009,South West,2006-07,24720
E92000001,England,2006-07,214936
E09000001,City of London,2007-08,46
E09000002,Barking and Dagenham,2007-08,716
E09000003,Barnet,2007-08,1252
E09000004,Bexley,2007-08,333
E09000005,Brent,2007-08,1067
E09000006,Bromley,2007-08,773
E09000007,Camden,2007-08,519
E09000008,Croydon,2007-08,1183
E09000009,Ealing,2007-08,1420
E09000010,Enfield,2007-08,1279
E09000011,Greenwich,2007-08,326
E09000012,Hackney,2007-08,1911
E09000013,Hammersmith and Fulham,2007-08,541
E09000014,Haringey,2007-08,1133
E09000015,Harrow,2007-08,463
E09000016,Havering,2007-08,419
E09000017,Hillingdon,2007-08,495
E09000018,Hounslow,2007-08,1992
E09000019,Islington,2007-08,1728
E09000020,Kensington and Chelsea,2007-08,-53
E09000021,Kingston upon Thames,2007-08,266
E09000022,Lambeth,2007-08,1423
E09000023,Lewisham,2007-08,1084
E09000024,Merton,2007-08,149
E09000025,Newham,2007-08,920
E09000026,Redbridge,2007-08,626
E09000027,Richmond upon Thames,2007-08,353
E09000028,Southwark,2007-08,2147
E09000029,Sutton,2007-08,482
E09000030,Tower Hamlets,2007-08,2637
E09000031,Waltham Forest,2007-08,978
E09000032,Wandsworth,2007-08,1281
E09000033,Westminster,2007-08,1670
E13000001,Inner London,2007-08,15259
E13000002,Outer London,2007-08,16298
E12000001,North East,2007-08,8900
E12000002,North West,2007-08,29300
E12000003,Yorkshire and The Humber,2007-08,22800
E12000004,East Midlands,2007-08,21610
E12000005,West Midlands,2007-08,17640
E12000006,East,2007-08,27950
E12000007,London,2007-08,31560
E12000008,South East,2007-08,36550
E12000009,South West,2007-08,27200
E92000001,England,2007-08,223534
E09000001,City of London,2008-09,46
E09000002,Barking and Dagenham,2008-09,288
E09000003,Barnet,2008-09,1089
E09000004,Bexley,2008-09,293
E09000005,Brent,2008-09,1207
E09000006,Bromley,2008-09,560
E09000007,Camden,2008-09,1040
E09000008,Croydon,2008-09,1256
E09000009,Ealing,2008-09,850
E09000010,Enfield,2008-09,677
E09000011,Greenwich,2008-09,303
E09000012,Hackney,2008-09,2388
E09000013,Hammersmith and Fulham,2008-09,484
E09000014,Haringey,2008-09,1335
E09000015,Harrow,2008-09,860
E09000016,Havering,2008-09,737
E09000017,Hillingdon,2008-09,882
E09000018,Hounslow,2008-09,868
E09000019,Islington,2008-09,2329
E09000020,Kensington and Chelsea,2008-09,-24
E09000021,Kingston upon Thames,2008-09,160
E09000022,Lambeth,2008-09,1311
E09000023,Lewisham,2008-09,1207
E09000024,Merton,2008-09,366
E09000025,Newham,2008-09,1069
E09000026,Redbridge,2008-09,624
E09000027,Richmond upon Thames,2008-09,396
E09000028,Southwark,2008-09,1468
E09000029,Sutton,2008-09,328
E09000030,Tower Hamlets,2008-09,3461
E09000031,Waltham Forest,2008-09,966
E09000032,Wandsworth,2008-09,1834
E09000033,Westminster,2008-09,1634
E13000001,Inner London,2008-09,17480
E13000002,Outer London,2008-09,14810
E12000001,North East,2008-09,5690
E12000002,North West,2008-09,19550
E12000003,Yorkshire and The Humber,2008-09,17350
E12000004,East Midlands,2008-09,15230
E12000005,West Midlands,2008-09,14630
E12000006,East,2008-09,21920
E12000007,London,2008-09,32310
E12000008,South East,2008-09,33470
E12000009,South West,2008-09,22640
E92000001,England,2008-09,182767
E09000001,City of London,2009-10,-8
E09000002,Barking and Dagenham,2009-10,108
E09000003,Barnet,2009-10,848
E09000004,Bexley,2009-10,428
E09000005,Brent,2009-10,1170
E09000006,Bromley,2009-10,625
E09000007,Camden,2009-10,582
E09000008,Croydon,2009-10,1098
E09000009,Ealing,2009-10,521
E09000010,Enfield,2009-10,620
E09000011,Greenwich,2009-10,91
E09000012,Hackney,2009-10,1968
E09000013,Hammersmith and Fulham,2009-10,907
E09000014,Haringey,2009-10,1136
E09000015,Harrow,2009-10,599
E09000016,Havering,2009-10,516
E09000017,Hillingdon,2009-10,607
E09000018,Hounslow,2009-10,924
E09000019,Islington,2009-10,1593
E09000020,Kensington and Chelsea,2009-10,204
E09000021,Kingston upon Thames,2009-10,115
E09000022,Lambeth,2009-10,1366
E09000023,Lewisham,2009-10,1064
E09000024,Merton,2009-10,-79
E09000025,Newham,2009-10,1459
E09000026,Redbridge,2009-10,951
E09000027,Richmond upon Thames,2009-10,263
E09000028,Southwark,2009-10,1755
E09000029,Sutton,2009-10,63
E09000030,Tower Hamlets,2009-10,3038
E09000031,Waltham Forest,2009-10,376
E09000032,Wandsworth,2009-10,1826
E09000033,Westminster,2009-10,1598
E13000001,Inner London,2009-10,15983
E13000002,Outer London,2009-10,12347
E12000001,North East,2009-10,5120
E12000002,North West,2009-10,13400
E12000003,Yorkshire and The Humber,2009-10,13570
E12000004,East Midlands,2009-10,13810
E12000005,West Midlands,2009-10,12300
E12000006,East,2009-10,17440
E12000007,London,2009-10,28350
E12000008,South East,2009-10,23170
E12000009,South West,2009-10,17730
E92000001,England,2009-10,144870
E09000001,City of London,2010-11,54
E09000002,Barking and Dagenham,2010-11,133
E09000003,Barnet,2010-11,730
E09000004,Bexley,2010-11,239
E09000005,Brent,2010-11,669
E09000006,Bromley,2010-11,738
E09000007,Camden,2010-11,689
E09000008,Croydon,2010-11,850
E09000009,Ealing,2010-11,286
E09000010,Enfield,2010-11,799
E09000011,Greenwich,2010-11,535
E09000012,Hackney,2010-11,751
E09000013,Hammersmith and Fulham,2010-11,488
E09000014,Haringey,2010-11,743
E09000015,Harrow,2010-11,530
E09000016,Havering,2010-11,379
E09000017,Hillingdon,2010-11,400
E09000018,Hounslow,2010-11,999
E09000019,Islington,2010-11,571
E09000020,Kensington and Chelsea,2010-11,42
E09000021,Kingston upon Thames,2010-11,112
E09000022,Lambeth,2010-11,1558
E09000023,Lewisham,2010-11,1012
E09000024,Merton,2010-11,-52
E09000025,Newham,2010-11,768
E09000026,Redbridge,2010-11,459
E09000027,Richmond upon Thames,2010-11,366
E09000028,Southwark,2010-11,1853
E09000029,Sutton,2010-11,188
E09000030,Tower Hamlets,2010-11,1870
E09000031,Waltham Forest,2010-11,655
E09000032,Wandsworth,2010-11,734
E09000033,Westminster,2010-11,1674
E13000001,Inner London,2010-11,11830
E13000002,Outer London,2010-11,9990
E12000001,North East,2010-11,6105
E12000002,North West,2010-11,11793
E12000003,Yorkshire and The Humber,2010-11,13594
E12000004,East Midlands,2010-11,12749
E12000005,West Midlands,2010-11,11848
E12000006,East,2010-11,18278
E12000007,London,2010-11,21820
E12000008,South East,2010-11,23496
E12000009,South West,2010-11,17710
E92000001,England,2010-11,137394
E09000001,City of London,2011-12,18
E09000002,Barking and Dagenham,2011-12,352
E09000003,Barnet,2011-12,2115
E09000004,Bexley,2011-12,203
E09000005,Brent,2011-12,560
E09000006,Bromley,2011-12,576
E09000007,Camden,2011-12,368
E09000008,Croydon,2011-12,707
E09000009,Ealing,2011-12,685
E09000010,Enfield,2011-12,297
E09000011,Greenwich,2011-12,1323
E09000012,Hackney,2011-12,1157
E09000013,Hammersmith and Fulham,2011-12,471
E09000014,Haringey,2011-12,1283
E09000015,Harrow,2011-12,470
E09000016,Havering,2011-12,42
E09000017,Hillingdon,2011-12,989
E09000018,Hounslow,2011-12,580
E09000019,Islington,2011-12,1224
E09000020,Kensington and Chelsea,2011-12,102
E09000021,Kingston upon Thames,2011-12,224
E09000022,Lambeth,2011-12,850
E09000023,Lewisham,2011-12,1188
E09000024,Merton,2011-12,510
E09000025,Newham,2011-12,909
E09000026,Redbridge,2011-12,526
E09000027,Richmond upon Thames,2011-12,209
E09000028,Southwark,2011-12,1054
E09000029,Sutton,2011-12,587
E09000030,Tower Hamlets,2011-12,2875
E09000031,Waltham Forest,2011-12,504
E09000032,Wandsworth,2011-12,982
E09000033,Westminster,2011-12,927
E13000001,Inner London,2011-12,12539
E13000002,Outer London,2011-12,12328
E12000001,North East,2011-12,4571
E12000002,North West,2011-12,10917
E12000003,Yorkshire and The Humber,2011-12,11947
E12000004,East Midlands,2011-12,11182
E12000005,West Midlands,2011-12,10679
E12000006,East,2011-12,18105
E12000007,London,2011-12,24866
E12000008,South East,2011-12,24552
E12000009,South West,2011-12,18077
E92000001,England,2011-12,134896
E09000001,City of London,2012-13,35
E09000002,Barking and Dagenham,2012-13,506
E09000003,Barnet,2012-13,1374
E09000004,Bexley,2012-13,418
E09000005,Brent,2012-13,662
E09000006,Bromley,2012-13,692
E09000007,Camden,2012-13,564
E09000008,Croydon,2012-13,891
E09000009,Ealing,2012-13,990
E09000010,Enfield,2012-13,549
E09000011,Greenwich,2012-13,114
E09000012,Hackney,2012-13,800
E09000013,Hammersmith and Fulham,2012-13,420
E09000014,Haringey,2012-13,577
E09000015,Harrow,2012-13,715
E09000016,Havering,2012-13,237
E09000017,Hillingdon,2012-13,1467
E09000018,Hounslow,2012-13,232
E09000019,Islington,2012-13,919
E09000020,Kensington and Chelsea,2012-13,57
E09000021,Kingston upon Thames,2012-13,203
E09000022,Lambeth,2012-13,535
E09000023,Lewisham,2012-13,1798
E09000024,Merton,2012-13,413
E09000025,Newham,2012-13,670
E09000026,Redbridge,2012-13,264
E09000027,Richmond upon Thames,2012-13,485
E09000028,Southwark,2012-13,1247
E09000029,Sutton,2012-13,227
E09000030,Tower Hamlets,2012-13,961
E09000031,Waltham Forest,2012-13,468
E09000032,Wandsworth,2012-13,957
E09000033,Westminster,2012-13,592
E13000001,Inner London,2012-13,8999
E13000002,Outer London,2012-13,12040
E12000001,North East,2012-13,4221
E12000002,North West,2012-13,13007
E12000003,Yorkshire and The Humber,2012-13,10181
E12000004,East Midlands,2012-13,11205
E12000005,West Midlands,2012-13,10958
E12000006,East,2012-13,15556
E12000007,London,2012-13,21039
E12000008,South East,2012-13,22195
E12000009,South West,2012-13,16360
E92000001,England,2012-13,124722
E09000001,City of London,2013-14,437
E09000002,Barking and Dagenham,2013-14,731
E09000003,Barnet,2013-14,1113
E09000004,Bexley,2013-14,528
E09000005,Brent,2013-14,734
E09000006,Bromley,2013-14,149
E09000007,Camden,2013-14,454
E09000008,Croydon,2013-14,1295
E09000009,Ealing,2013-14,769
E09000010,Enfield,2013-14,512
E09000011,Greenwich,2013-14,1112
E09000012,Hackney,2013-14,1125
E09000013,Hammersmith and Fulham,2013-14,626
E09000014,Haringey,2013-14,474
E09000015,Harrow,2013-14,295
E09000016,Havering,2013-14,156
E09000017,Hillingdon,2013-14,554
E09000018,Hounslow,2013-14,686
E09000019,Islington,2013-14,1243
E09000020,Kensington and Chelsea,2013-14,596
E09000021,Kingston upon Thames,2013-14,261
E09000022,Lambeth,2013-14,1254
E09000023,Lewisham,2013-14,713
E09000024,Merton,2013-14,440
E09000025,Newham,2013-14,1969
E09000026,Redbridge,2013-14,258
E09000027,Richmond upon Thames,2013-14,364
E09000028,Southwark,2013-14,1651
E09000029,Sutton,2013-14,300
E09000030,Tower Hamlets,2013-14,660
E09000031,Waltham Forest,2013-14,389
E09000032,Wandsworth,2013-14,1199
E09000033,Westminster,2013-14,530
E13000001,Inner London,2013-14,11600
E13000002,Outer London,2013-14,11977
E12000001,North East,2013-14,4120
E12000002,North West,2013-14,13563
E12000003,Yorkshire and The Humber,2013-14,11799
E12000004,East Midlands,2013-14,12705
E12000005,West Midlands,2013-14,12520
E12000006,East,2013-14,17096
E12000007,London,2013-14,23577
E12000008,South East,2013-14,21853
E12000009,South West,2013-14,19372
E92000001,England,2013-14,136605
E09000001,City of London,2014-15,226
E09000002,Barking and Dagenham,2014-15,514
E09000003,Barnet,2014-15,1324
E09000004,Bexley,2014-15,810
E09000005,Brent,2014-15,1559
E09000006,Bromley,2014-15,411
E09000007,Camden,2014-15,439
E09000008,Croydon,2014-15,1523
E09000009,Ealing,2014-15,897
E09000010,Enfield,2014-15,399
E09000011,Greenwich,2014-15,1148
E09000012,Hackney,2014-15,1258
E09000013,Hammersmith and Fulham,2014-15,1360
E09000014,Haringey,2014-15,133
E09000015,Harrow,2014-15,410
E09000016,Havering,2014-15,642
E09000017,Hillingdon,2014-15,545
E09000018,Hounslow,2014-15,397
E09000019,Islington,2014-15,498
E09000020,Kensington and Chelsea,2014-15,984
E09000021,Kingston upon Thames,2014-15,526
E09000022,Lambeth,2014-15,1411
E09000023,Lewisham,2014-15,1468
E09000024,Merton,2014-15,425
E09000025,Newham,2014-15,2050
E09000026,Redbridge,2014-15,257
E09000027,Richmond upon Thames,2014-15,241
E09000028,Southwark,2014-15,1141
E09000029,Sutton,2014-15,427
E09000030,Tower Hamlets,2014-15,916
E09000031,Waltham Forest,2014-15,671
E09000032,Wandsworth,2014-15,1084
E09000033,Westminster,2014-15,749
E13000001,Inner London,2014-15,12682
E13000002,Outer London,2014-15,14161
E12000001,North East,2014-15,7540
E12000002,North West,2014-15,18684
E12000003,Yorkshire and The Humber,2014-15,13828
E12000004,East Midlands,2014-15,15613
E12000005,West Midlands,2014-15,17267
E12000006,East,2014-15,20193
E12000007,London,2014-15,26843
E12000008,South East,2014-15,28348
E12000009,South West,2014-15,22377
E92000001,England,2014-15,170693
E09000001,City of London,2015-16,77
E09000002,Barking and Dagenham,2015-16,732
E09000003,Barnet,2015-16,1458
E09000004,Bexley,2015-16,-132
E09000005,Brent,2015-16,1051
E09000006,Bromley,2015-16,700
E09000007,Camden,2015-16,965
E09000008,Croydon,2015-16,2044
E09000009,Ealing,2015-16,721
E09000010,Enfield,2015-16,672
E09000011,Greenwich,2015-16,1720
E09000012,Hackney,2015-16,826
E09000013,Hammersmith and Fulham,2015-16,368
E09000014,Haringey,2015-16,239
E09000015,Harrow,2015-16,910
E09000016,Havering,2015-16,1012
E09000017,Hillingdon,2015-16,709
E09000018,Hounslow,2015-16,480
E09000019,Islington,2015-16,1027
E09000020,Kensington and Chelsea,2015-16,384
E09000021,Kingston upon Thames,2015-16,239
E09000022,Lambeth,2015-16,1347
E09000023,Lewisham,2015-16,1539
E09000024,Merton,2015-16,508
E09000025,Newham,2015-16,1441
E09000026,Redbridge,2015-16,54
E09000027,Richmond upon Thames,2015-16,513
E09000028,Southwark,2015-16,1382
E09000029,Sutton,2015-16,391
E09000030,Tower Hamlets,2015-16,2394
E09000031,Waltham Forest,2015-16,973
E09000032,Wandsworth,2015-16,2738
E09000033,Westminster,2015-16,908
E13000001,Inner London,2015-16,15675
E13000002,Outer London,2015-16,14715
E12000001,North East,2015-16,7803
E12000002,North West,2015-16,19662
E12000003,Yorkshire and The Humber,2015-16,15610
E12000004,East Midlands,2015-16,17652
E12000005,West Midlands,2015-16,18343
E12000006,East,2015-16,22140
E12000007,London,2015-16,30390
E12000008,South East,2015-16,34842
E12000009,South West,2015-16,23203
E92000001,England,2015-16,189645
E09000001,City of London,2016-17,7
E09000002,Barking and Dagenham,2016-17,596
E09000003,Barnet,2016-17,1799
E09000004,Bexley,2016-17,764
E09000005,Brent,2016-17,1364
E09000006,Bromley,2016-17,858
E09000007,Camden,2016-17,1208
E09000008,Croydon,2016-17,2835
E09000009,Ealing,2016-17,845
E09000010,Enfield,2016-17,898
E09000011,Greenwich,2016-17,2380
E09000012,Hackney,2016-17,1196
E09000013,Hammersmith and Fulham,2016-17,974
E09000014,Haringey,2016-17,741
E09000015,Harrow,2016-17,656
E09000016,Havering,2016-17,443
E09000017,Hillingdon,2016-17,764
E09000018,Hounslow,2016-17,557
E09000019,Islington,2016-17,674
E09000020,Kensington and Chelsea,2016-17,355
E09000021,Kingston upon Thames,2016-17,273
E09000022,Lambeth,2016-17,1135
E09000023,Lewisham,2016-17,1604
E09000024,Merton,2016-17,434
E09000025,Newham,2016-17,2377
E09000026,Redbridge,2016-17,755
E09000027,Richmond upon Thames,2016-17,465
E09000028,Southwark,2016-17,2412
E09000029,Sutton,2016-17,653
E09000030,Tower Hamlets,2016-17,4827
E09000031,Waltham Forest,2016-17,1033
E09000032,Wandsworth,2016-17,2336
E09000033,Westminster,2016-17,1342
E13000001,Inner London,2016-17,20450
E13000002,Outer London,2016-17,19110
E12000001,North East,2016-17,10470
E12000002,North West,2016-17,24281
E12000003,Yorkshire and The Humber,2016-17,17641
E12000004,East Midlands,2016-17,19473
E12000005,West Midlands,2016-17,18880
E12000006,East,2016-17,25186
E12000007,London,2016-17,39560
E12000008,South East,2016-17,36526
E12000009,South West,2016-17,25328
E92000001,England,2016-17,217345
E09000001,City of London,2017-18,138
E09000002,Barking and Dagenham,2017-18,413
E09000003,Barnet,2017-18,"2,208"
E09000004,Bexley,2017-18,277
E09000005,Brent,2017-18,694
E09000006,Bromley,2017-18,554
E09000007,Camden,2017-18,945
E09000008,Croydon,2017-18,"2,076"
E09000009,Ealing,2017-18,"1,457"
E09000010,Enfield,2017-18,386
E09000011,Greenwich,2017-18,"1,901"
E09000012,Hackney,2017-18,"1,267"
E09000013,Hammersmith and Fulham,2017-18,"1,531"
E09000014,Haringey,2017-18,"1,200"
E09000015,Harrow,2017-18,700
E09000016,Havering,2017-18,277
E09000017,Hillingdon,2017-18,842
E09000018,Hounslow,2017-18,911
E09000019,Islington,2017-18,367
E09000020,Kensington and Chelsea,2017-18,335
E09000021,Kingston upon Thames,2017-18,217
E09000022,Lambeth,2017-18,"1,543"
E09000023,Lewisham,2017-18,526
E09000024,Merton,2017-18,648
E09000025,Newham,2017-18,"1,846"
E09000026,Redbridge,2017-18,462
E09000027,Richmond upon Thames,2017-18,382
E09000028,Southwark,2017-18,818
E09000029,Sutton,2017-18,697
E09000030,Tower Hamlets,2017-18,"2,003"
E09000031,Waltham Forest,2017-18,712
E09000032,Wandsworth,2017-18,"2,247"
E09000033,Westminster,2017-18,"1,143"
E13000001,Inner London,2017-18,"16,610"
E13000002,Outer London,2017-18,"15,113"
E12000001,North East,2017-18,"9,774"
E12000002,North West,2017-18,"26,153"
E12000003,Yorkshire and The Humber,2017-18,"19,503"
E12000004,East Midlands,2017-18,"21,451"
E12000005,West Midlands,2017-18,"22,193"
E12000006,East,2017-18,"25,408"
E12000007,London,2017-18,"31,723"
E12000008,South East,2017-18,"39,276"
E12000009,South West,2017-18,"26,800"
E92000001,England,2017-18,"222,281"
E09000001,City of London,2018-19,351
E09000002,Barking and Dagenham,2018-19,906
E09000003,Barnet,2018-19,"2,209"
E09000004,Bexley,2018-19,486
E09000005,Brent,2018-19,"1,741"
E09000006,Bromley,2018-19,708
E09000007,Camden,2018-19,827
E09000008,Croydon,2018-19,"1,590"
E09000009,Ealing,2018-19,"1,754"
E09000010,Enfield,2018-19,500
E09000011,Greenwich,2018-19,"1,514"
E09000012,Hackney,2018-19,"1,522"
E09000013,Hammersmith and Fulham,2018-19,"1,046"
E09000014,Haringey,2018-19,568
E09000015,Harrow,2018-19,"1,229"
E09000016,Havering,2018-19,466
E09000017,Hillingdon,2018-19,957
E09000018,Hounslow,2018-19,"1,264"
E09000019,Islington,2018-19,916
E09000020,Kensington and Chelsea,2018-19,115
E09000021,Kingston upon Thames,2018-19,501
E09000022,Lambeth,2018-19,"1,219"
E09000023,Lewisham,2018-19,"1,628"
E09000024,Merton,2018-19,273
E09000025,Newham,2018-19,"2,505"
E09000026,Redbridge,2018-19,764
E09000027,Richmond upon Thames,2018-19,423
E09000028,Southwark,2018-19,"3,208"
E09000029,Sutton,2018-19,575
E09000030,Tower Hamlets,2018-19,"1,524"
E09000031,Waltham Forest,2018-19,613
E09000032,Wandsworth,2018-19,"1,913"
E09000033,Westminster,2018-19,803
E13000001,Inner London,2018-19,"19,091"
E13000002,Outer London,2018-19,"17,527"
E12000001,North East,2018-19,"10,051"
E12000002,North West,2018-19,"29,959"
E12000003,Yorkshire and The Humber,2018-19,"20,150"
E12000004,East Midlands,2018-19,"22,256"
E12000005,West Midlands,2018-19,"24,940"
E12000006,East,2018-19,"29,834"
E12000007,London,2018-19,"36,618"
E12000008,South East,2018-19,"41,561"
E12000009,South West,2018-19,"26,508"
E92000001,England,2018-19,"241,877"
E09000001,City of London,2019-20,297
E09000002,Barking and Dagenham,2019-20,741
E09000003,Barnet,2019-20,"1,990"
E09000004,Bexley,2019-20,208
E09000005,Brent,2019-20,"2,433"
E09000006,Bromley,2019-20,485
E09000007,Camden,2019-20,985
E09000008,Croydon,2019-20,"1,657"
E09000009,Ealing,2019-20,"1,808"
E09000010,Enfield,2019-20,420
E09000011,Greenwich,2019-20,"3,052"
E09000012,Hackney,2019-20,646
E09000013,Hammersmith and Fulham,2019-20,"1,149"
E09000014,Haringey,2019-20,865
E09000015,Harrow,2019-20,"1,200"
E09000016,Havering,2019-20,508
E09000017,Hillingdon,2019-20,"1,646"
E09000018,Hounslow,2019-20,"1,545"
E09000019,Islington,2019-20,757
E09000020,Kensington and Chelsea,2019-20,511
E09000021,Kingston upon Thames,2019-20,613
E09000022,Lambeth,2019-20,"1,517"
E09000023,Lewisham,2019-20,"1,251"
E09000024,Merton,2019-20,346
E09000025,Newham,2019-20,"3,368"
E09000026,Redbridge,2019-20,624
E09000027,Richmond upon Thames,2019-20,313
E09000028,Southwark,2019-20,"1,458"
E09000029,Sutton,2019-20,573
E09000030,Tower Hamlets,2019-20,"4,564"
E09000031,Waltham Forest,2019-20,915
E09000032,Wandsworth,2019-20,"1,315"
E09000033,Westminster,2019-20,"1,110"
E13000001,Inner London,2019-20,"21,980"
E13000002,Outer London,2019-20,"18,890"
E12000001,North East,2019-20,"9,619"
E12000002,North West,2019-20,"33,482"
E12000003,Yorkshire and The Humber,2019-20,"20,178"
E12000004,East Midlands,2019-20,"20,979"
E12000005,West Midlands,2019-20,"24,175"
E12000006,East,2019-20,"28,019"
E12000007,London,2019-20,"40,870"
E12000008,South East,2019-20,"41,107"
E12000009,South West,2019-20,"24,273"
E92000001,England,2019-20,"242,702"
E09000001,City of London,2020-21,206
E09000002,Barking and Dagenham,2020-21,"1,048"
E09000003,Barnet,2020-21,"2,250"
E09000004,Bexley,2020-21,632
E09000005,Brent,2020-21,"2,404"
E09000006,Bromley,2020-21,272
E09000007,Camden,2020-21,509
E09000008,Croydon,2020-21,"2,029"
E09000009,Ealing,2020-21,"1,681"
E09000010,Enfield,2020-21,791
E09000011,Greenwich,2020-21,991
E09000012,Hackney,2020-21,969
E09000013,Hammersmith and Fulham,2020-21,"1,421"
E09000014,Haringey,2020-21,"1,432"
E09000015,Harrow,2020-21,775
E09000016,Havering,2020-21,486
E09000017,Hillingdon,2020-21,718
E09000018,Hounslow,2020-21,"1,400"
E09000019,Islington,2020-21,651
E09000020,Kensington and Chelsea,2020-21,267
E09000021,Kingston upon Thames,2020-21,479
E09000022,Lambeth,2020-21,"1,198"
E09000023,Lewisham,2020-21,181
E09000024,Merton,2020-21,604
E09000025,Newham,2020-21,"1,813"
E09000026,Redbridge,2020-21,475
E09000027,Richmond upon Thames,2020-21,232
E09000028,Southwark,2020-21,"1,096"
E09000029,Sutton,2020-21,313
E09000030,Tower Hamlets,2020-21,"3,248"
E09000031,Waltham Forest,2020-21,"1,415"
E09000032,Wandsworth,2020-21,"1,415"
E09000033,Westminster,2020-21,622
E13000001,Inner London,2020-21,"14,587"
E13000002,Outer London,2020-21,"19,436"
E12000001,North East,2020-21,"7,776"
E12000002,North West,2020-21,"28,256"
E12000003,Yorkshire and The Humber,2020-21,"16,013"
E12000004,East Midlands,2020-21,"20,175"
E12000005,West Midlands,2020-21,"19,146"
E12000006,East,2020-21,"25,306"
E12000007,London,2020-21,"34,023"
E12000008,South East,2020-21,"38,852"
E12000009,South West,2020-21,"22,318"
E92000001,England,2020-21,"211,865"
E09000001,City of London,2021-22,432
E09000002,Barking and Dagenham,2021-22,"1,206"
E09000003,Barnet,2021-22,206
E09000004,Bexley,2021-22,710
E09000005,Brent,2021-22,"3,574"
E09000006,Bromley,2021-22,120
E09000007,Camden,2021-22,536
E09000008,Croydon,2021-22,"2,130"
E09000009,Ealing,2021-22,"1,066"
E09000010,Enfield,2021-22,937
E09000011,Greenwich,2021-22,"1,257"
E09000012,Hackney,2021-22,"1,531"
E09000013,Hammersmith and Fulham,2021-22,"2,300"
E09000014,Haringey,2021-22,"1,511"
E09000015,Harrow,2021-22,432
E09000016,Havering,2021-22,624
E09000017,Hillingdon,2021-22,866
E09000018,Hounslow,2021-22,"1,737"
E09000019,Islington,2021-22,457
E09000020,Kensington and Chelsea,2021-22,187
E09000021,Kingston upon Thames,2021-22,307
E09000022,Lambeth,2021-22,378
E09000023,Lewisham,2021-22,435
E09000024,Merton,2021-22,517
E09000025,Newham,2021-22,"3,243"
E09000026,Redbridge,2021-22,287
E09000027,Richmond upon Thames,2021-22,173
E09000028,Southwark,2021-22,"1,450"
E09000029,Sutton,2021-22,541
E09000030,Tower Hamlets,2021-22,"4,203"
E09000031,Waltham Forest,2021-22,981
E09000032,Wandsworth,2021-22,"1,905"
E09000033,Westminster,2021-22,965
E13000001,Inner London,2021-22,"19,279"
E13000002,Outer London,2021-22,"17,925"
E12000001,North East,2021-22,"8,926"
E12000002,North West,2021-22,"28,452"
E12000003,Yorkshire and The Humber,2021-22,"18,801"
E12000004,East Midlands,2021-22,"22,099"
E12000005,West Midlands,2021-22,"24,593"
E12000006,East,2021-22,"27,446"
E12000007,London,2021-22,"37,204"
E12000008,South East,2021-22,"41,016"
E12000009,South West,2021-22,"24,279"
E92000001,England,2021-22,"232,816"
